cumulative_frequency	cumulative_node_frequency	count	text
0.211	0.211	5258571	index
0.3812	0.3812	4242394	scf.for
0.5513	0.5513	4242394	scf.yield
0.6466	0.6466	2373040	f32
0.6982	0.6982	1286845	memref.load
0.7384	0.7384	1001781	memref.store
0.7658	0.7658	682975	memref.alloc
0.7915	0.7915	640612	memref.dealloc
0.8088	0.8088	431645	arith.constant
0.8257	0.8257	422072	memref.copy
0.8399	0.8399	352658	arith.addi
0.8539	0.8539	349282	memref<?x16x32x32xf32>
0.8673	0.8673	335521	arith.addf
0.8793	0.8793	298478	memref.reinterpret_cast
0.8882	0.8882	221516	arith.mulf
0.8971	0.8971	221516	memref.get_global
0.906	0.906	221516	name
0.9132	0.9132	179153	arith.cmpf
0.9203	0.9203	179153	arith.select
0.9275	0.9275	179153	i1
0.9339	0.9339	160005	static_strides
0.9393	0.9393	134237	static_offsets
0.9446	0.9446	131080	memref<?x16x32x32xf32, strided<[18496, 1156, 34, 1], offset: 35>>
0.9499	0.9499	131080	memref<?x16x34x34xf32>
0.9549	0.9549	127044	static_sizes
0.9583	0.9583	84726	i64
0.9617	0.9617	84726	operandSegmentSizes
0.9645	0.9645	68458	memref<16x16x3x3xf32>
0.9672	0.9672	68332	memref<16x16x1x1xf32>
0.9699	0.9699	65508	arith.maximumf
0.9716	0.9716	42363	[external]
0.9733	0.9733	42363	arith.divf
0.975	0.975	42363	fastmath
0.9767	0.9767	42363	func.return
0.9784	0.9784	42363	memref.dim
0.9801	0.9801	42363	memref<16x3x3x3xf32>
0.9818	0.9818	42363	memref<?x10xf32>
0.9835	0.9835	42363	memref<?x32x32x3xf32, strided<[?, ?, ?, ?], offset: ?>>
0.9852	0.9852	42363	memref<?x3x32x32xf32, strided<[3468, 1156, 34, 1], offset: 35>>
0.9869	0.9869	42363	memref<?x3x32x32xf32>
0.9886	0.9886	42363	memref<?x3x34x34xf32>
0.9903	0.9903	42363	overflowFlags
0.991	0.991	19124	memref<32x10xf32>
0.9918	0.9918	19124	memref<?x16x32x32xf32, strided<[32768, 1024, 32, 1], offset: 16384>>
0.9926	0.9926	19124	memref<?x16x32x32xf32, strided<[32768, 1024, 32, 1]>>
0.9933	0.9933	19124	memref<?x32x1x1xf32>
0.9941	0.9941	19124	memref<?x32x32x32xf32>
0.9949	0.9949	19124	memref<?x32xf32>
0.9953	0.9953	11772	memref<48x10xf32>
0.9958	0.9958	11772	memref<?x16x32x32xf32, strided<[49152, 1024, 32, 1], offset: 16384>>
0.9963	0.9963	11772	memref<?x16x32x32xf32, strided<[49152, 1024, 32, 1], offset: 32768>>
0.9967	0.9967	11772	memref<?x16x32x32xf32, strided<[49152, 1024, 32, 1]>>
0.9972	0.9972	11772	memref<?x48x1x1xf32>
0.9977	0.9977	11772	memref<?x48x32x32xf32>
0.9982	0.9982	11772	memref<?x48xf32>
0.9985	0.9985	9202	memref<16x10xf32>
0.9989	0.9989	9202	memref<?x16x1x1xf32>
0.9993	0.9993	9202	memref<?x16xf32>
0.9994	0.9994	2217	memref<64x10xf32>
0.9994	0.9994	2217	memref<?x16x32x32xf32, strided<[65536, 1024, 32, 1], offset: 16384>>
0.9995	0.9995	2217	memref<?x16x32x32xf32, strided<[65536, 1024, 32, 1], offset: 32768>>
0.9996	0.9996	2217	memref<?x16x32x32xf32, strided<[65536, 1024, 32, 1], offset: 49152>>
0.9997	0.9997	2217	memref<?x16x32x32xf32, strided<[65536, 1024, 32, 1]>>
0.9998	0.9998	2217	memref<?x64x1x1xf32>
0.9999	0.9999	2217	memref<?x64x32x32xf32>
1	1	2217	memref<?x64xf32>
1	1	48	memref<80x10xf32>
1	1	48	memref<?x16x32x32xf32, strided<[81920, 1024, 32, 1], offset: 16384>>
1	1	48	memref<?x16x32x32xf32, strided<[81920, 1024, 32, 1], offset: 32768>>
1	1	48	memref<?x16x32x32xf32, strided<[81920, 1024, 32, 1], offset: 49152>>
1	1	48	memref<?x16x32x32xf32, strided<[81920, 1024, 32, 1], offset: 65536>>
1	1	48	memref<?x16x32x32xf32, strided<[81920, 1024, 32, 1]>>
1	1	48	memref<?x80x1x1xf32>
1	1	48	memref<?x80x32x32xf32>
1	1	48	memref<?x80xf32>
